{
  "Overrides" : {
    "label" : "Overrides",
    "description" : "Internal configuration to allow asset creation overrides, not to be displayed in UI.",
    "defaultValue" : {
      "createAllDashboards" : true,
      "createAllLenses" : true,
      "createAllExternalFiles" : true,
      "createDataflow" : true,
      "createAllDatasetFiles" : true,
      "createAllImages" : true
    },
    "required" : true,
    "excludeSelected" : false,
    "excludes" : [ ],
    "variableType" : {
      "required" : [
        "createAllExternalFiles",
        "createAllDashboards",
        "createAllImages",
        "createAllDatasetFiles",
        "createAllLenses",
        "createDataflow"
      ],
      "type" : "ObjectType",
      "properties" : {
        "createAllDashboards" : {
          "type" : "BooleanType",
          "enums" : [
            true,
            false
          ]
        },
        "createAllLenses" : {
          "type" : "BooleanType",
          "enums" : [
            true,
            false
          ]
        },
        "createAllExternalFiles" : {
          "type" : "BooleanType",
          "enums" : [
            true,
            false
          ]
        },
        "createDataflow" : {
          "type" : "BooleanType",
          "enums" : [
            true,
            false
          ]
        },
        "createAllDatasetFiles" : {
          "type" : "BooleanType",
          "enums" : [
            true,
            false
          ]
        },
        "createAllImages" : {
          "type" : "BooleanType",
          "enums" : [
            true,
            false
          ]
        }
      },
      "strictValidation" : true
    }
  }
}