{"fileFormat":{"charsetName":"UTF-8","fieldsEnclosedBy":"\"","fieldsDelimitedBy":",","linesTerminatedBy":"\r\n","numberOfLinesToIgnore":null},"objects":[{"connector":"CSV","description":null,"fullyQualifiedName":"ABCWidgetSales2017_csv","label":"ABCWidgetSales2017.csv","name":"ABCWidgetSales2017_csv","acl":null,"rowLevelSecurityFilter":null,"fields":[{"type":"Numeric","name":"DIVISION_NUM","description":null,"fullyQualifiedName":"DIVISION_NUM","label":"DIVISION_NUM","isSystemField":null,"isUniqueId":null,"scale":0,"precision":18,"defaultValue":"0","isMultiValue":null,"format":"0","multiValueSeparator":null,"fiscalMonthOffset":null,"acl":null,"decimalSeparator":null,"groupsSeparator":null,"isSkipped":null,"canTruncateValue":null,"currencySymbol":null,"timezoneInfo":null},{"type":"Text","name":"Division_Name","description":null,"fullyQualifiedName":"Division_Name","label":"Division Name","isSystemField":null,"isUniqueId":null,"scale":null,"precision":null,"defaultValue":null,"isMultiValue":null,"format":null,"multiValueSeparator":null,"fiscalMonthOffset":null,"acl":null,"decimalSeparator":null,"groupsSeparator":null,"isSkipped":null,"canTruncateValue":null,"currencySymbol":null,"timezoneInfo":null},{"type":"Text","name":"SVP","description":null,"fullyQualifiedName":"SVP","label":"SVP","isSystemField":null,"isUniqueId":null,"scale":null,"precision":null,"defaultValue":null,"isMultiValue":null,"format":null,"multiValueSeparator":null,"fiscalMonthOffset":null,"acl":null,"decimalSeparator":null,"groupsSeparator":null,"isSkipped":null,"canTruncateValue":null,"currencySymbol":null,"timezoneInfo":null},{"type":"Text","name":"AVP","description":null,"fullyQualifiedName":"AVP","label":"AVP","isSystemField":null,"isUniqueId":null,"scale":null,"precision":null,"defaultValue":null,"isMultiValue":null,"format":null,"multiValueSeparator":null,"fiscalMonthOffset":null,"acl":null,"decimalSeparator":null,"groupsSeparator":null,"isSkipped":null,"canTruncateValue":null,"currencySymbol":null,"timezoneInfo":null},{"type":"Text","name":"Location_Name","description":null,"fullyQualifiedName":"Location_Name","label":"Location Name","isSystemField":null,"isUniqueId":null,"scale":null,"precision":null,"defaultValue":null,"isMultiValue":null,"format":null,"multiValueSeparator":null,"fiscalMonthOffset":null,"acl":null,"decimalSeparator":null,"groupsSeparator":null,"isSkipped":null,"canTruncateValue":null,"currencySymbol":null,"timezoneInfo":null},{"type":"Text","name":"Online_Code","description":null,"fullyQualifiedName":"Online_Code","label":"Online Code","isSystemField":null,"isUniqueId":null,"scale":null,"precision":null,"defaultValue":null,"isMultiValue":null,"format":null,"multiValueSeparator":null,"fiscalMonthOffset":null,"acl":null,"decimalSeparator":null,"groupsSeparator":null,"isSkipped":null,"canTruncateValue":null,"currencySymbol":null,"timezoneInfo":null},{"type":"Text","name":"State","description":null,"fullyQualifiedName":"State","label":"State","isSystemField":null,"isUniqueId":null,"scale":null,"precision":null,"defaultValue":null,"isMultiValue":null,"format":null,"multiValueSeparator":null,"fiscalMonthOffset":null,"acl":null,"decimalSeparator":null,"groupsSeparator":null,"isSkipped":null,"canTruncateValue":null,"currencySymbol":null,"timezoneInfo":null},{"type":"Text","name":"Location_Description","description":null,"fullyQualifiedName":"Location_Description","label":"Location Description","isSystemField":null,"isUniqueId":null,"scale":null,"precision":null,"defaultValue":null,"isMultiValue":null,"format":null,"multiValueSeparator":null,"fiscalMonthOffset":null,"acl":null,"decimalSeparator":null,"groupsSeparator":null,"isSkipped":null,"canTruncateValue":null,"currencySymbol":null,"timezoneInfo":null},{"type":"Date","name":"Year","description":null,"fullyQualifiedName":"Year","label":"Year","isSystemField":null,"isUniqueId":null,"scale":null,"precision":null,"defaultValue":null,"isMultiValue":null,"format":"d/M/yy","multiValueSeparator":null,"fiscalMonthOffset":null,"acl":null,"decimalSeparator":null,"groupsSeparator":null,"isSkipped":null,"canTruncateValue":null,"currencySymbol":null,"timezoneInfo":null},{"type":"Numeric","name":"Adjusted_COGS","description":null,"fullyQualifiedName":"Adjusted_COGS","label":"Adjusted COGS","isSystemField":null,"isUniqueId":null,"scale":2,"precision":18,"defaultValue":"0","isMultiValue":null,"format":"0.##","multiValueSeparator":null,"fiscalMonthOffset":null,"acl":null,"decimalSeparator":".","groupsSeparator":null,"isSkipped":null,"canTruncateValue":null,"currencySymbol":null,"timezoneInfo":null},{"type":"Numeric","name":"Sales","description":null,"fullyQualifiedName":"Sales","label":"Sales","isSystemField":null,"isUniqueId":null,"scale":2,"precision":18,"defaultValue":"0","isMultiValue":null,"format":"0.##","multiValueSeparator":null,"fiscalMonthOffset":null,"acl":null,"decimalSeparator":".","groupsSeparator":null,"isSkipped":null,"canTruncateValue":null,"currencySymbol":null,"timezoneInfo":null},{"type":"Numeric","name":"Regular_GM","description":null,"fullyQualifiedName":"Regular_GM","label":"Regular GM","isSystemField":null,"isUniqueId":null,"scale":2,"precision":18,"defaultValue":"0","isMultiValue":null,"format":"0.##","multiValueSeparator":null,"fiscalMonthOffset":null,"acl":null,"decimalSeparator":".","groupsSeparator":null,"isSkipped":null,"canTruncateValue":null,"currencySymbol":null,"timezoneInfo":null},{"type":"Numeric","name":"Total_GM","description":null,"fullyQualifiedName":"Total_GM","label":"Total GM","isSystemField":null,"isUniqueId":null,"scale":2,"precision":18,"defaultValue":"0","isMultiValue":null,"format":"0.##","multiValueSeparator":null,"fiscalMonthOffset":null,"acl":null,"decimalSeparator":".","groupsSeparator":null,"isSkipped":null,"canTruncateValue":null,"currencySymbol":null,"timezoneInfo":null}]}]}